INSERT INTO anggota (id, nama, jenis_kelamin, alamat, telp) VALUES
(1, 'Andi saputra', 'L', 'Jl Merdeka No 10', '081234567890'),
(2, 'Rina Amelia', 'P', 'Jl. Sudirman No. 15', '081345678901'),
(3, 'budi santoso', 'L', 'Jl. Gatot Subroto No. 5', '081456789012'),
(4, 'Maya Puspita', 'Perempuan', 'Jl Ahmad Yani No 3', '081567890123'),
(5, NULL, 'P', 'Jl Diponegoro No 22', '081678901234'),
(6, 'Doni Pratama', 'L', 'Jl Imam Bonjol', '081789012345'),
(7, 'Fitri Susanti', 'P', '', '081890123456'),
(8, 'Joko Widodo', 'Laki-laki', 'Jl Veteran No 12', '081901234567'),
(9, 'Dian Anggraini', 'P', 'Jl Antasari No 18', NULL),
(10, 'agus hartanto', 'L', 'Jl Pemuda No 20', '082123456789'),
(11, 'Novi Herlina', 'P', 'Jl Juanda No 25', '082234567890'),
(12, 'RAMA ADITYA', 'L', 'Jl Pahlawan No 11', '082345678901'),
(13, 'Lestari Wulandari', 'P', 'Jl Kebon Jeruk', '082456789012'),
(14, 'Suryo Utomo', 'L', 'Jl Margonda', '082567890123'),
(15, 'Riska Melati', 'P', 'Jl Gunung Agung No. 4', '082678901234'),
(16, 'Eka Priatama', 'L', 'Jl Proklamasi No. 9', '082789012345'),
(17, NULL, 'P', 'Jl Panjaitan No. 14', '082890123456'),
(18, 'Rizky Ramadhan', 'L', 'Jl Kartini', '082901234567'),
(19, 'RATNA DEWI', 'P', 'Jl Basuki Rahmat', '083012345678'),
(20, 'Fajar Nugroho', '', 'Jl Cendrawasih No. 13', '083123456789'),
(21, 'Naruto Uzumaki', 'L', 'Jl Pulau Bali No. 7, Denpasar', '083223456789'),
(22, 'Sakura Haruno', 'P', 'Jl Pulau Flores No. 4, Denpasar', '083334567890'),
(23, 'Tony Stark', 'L', 'Jl Teuku Umar No. 3, Denpasar', '083445678901'),
(24, 'Clark Kent', 'L', 'Jl Imam Bonjol No. 12, Denpasar', '083556789012'),
(25, 'Lois Lane', 'P', 'Jl Tukad Yeh Aya No. 5, Denpasar', '083667890123'),
(26, 'Doraemon', 'L', 'Jl Pulau Lombok No. 2, Denpasar', '083778901234'),
(27, 'Nobita Nobi', 'L', 'Jl Pulau Seribu No. 6, Denpasar', '083889012345'),
(28, 'Mikasa Ackerman', 'P', 'Jl Hayam Wuruk No. 9, Denpasar', '083990123456'),
(29, 'Eren Yeager', 'L', 'Jl Mahendradatta No. 11, Denpasar', '084101234567'),
(30, 'Levi Ackerman', 'L', 'Jl Gunung Agung No. 1, Denpasar', '084212345678'),
(31, 'Katniss Everdeen', 'P', 'Jl Pulau Komodo No. 3, Denpasar', '084323456789'),
(32, 'Peeta Mellark', 'L', 'Jl Pulau Misol No. 8, Denpasar', '084434567890'),
(33, 'Frodo Baggins', 'L', 'Jl Pulau Biak No. 4, Denpasar', '084545678901'),
(34, 'Legolas Greenleaf', 'L', 'Jl Pulau Sumba No. 9, Denpasar', '084656789012'),
(35, 'Arwen Undomiel', 'P', 'Jl Pulau Timor No. 7, Denpasar', '084767890123'),
(36, 'Bruce Wayne', 'L', 'Jl Pulau Sulawesi No. 1, Denpasar', '084878901234'),
(37, 'Harley Quinn', 'P', 'Jl Pulau Madura No. 6, Denpasar', '084989012345'),
(38, 'Lara Croft', 'P', 'Jl Pulau Alor No. 2, Denpasar', '085101234567'),
(39, 'Nathan Drake', 'L', 'Jl Pulau Ambon No. 8, Denpasar', '085212345678'),
(40, 'Peter Parker', 'L', 'Jl Pulau Natuna No. 11, Denpasar', '085323456789'),
(41, 'Gwen Stacy', 'P', 'Jl Pulau Halmahera No. 3, Denpasar', '085434567890'),
(42, 'Tsunade Senju', 'P', 'Jl Tukad Pakerisan No. 5, Denpasar', '085545678901'),
(43, 'Itachi Uchiha', 'L', 'Jl Tukad Balian No. 9, Denpasar', '085656789012'),
(44, 'Zoro Roronoa', 'L', 'Jl Tukad Petanu No. 7, Denpasar', '085767890123'),
(45, 'Nami', 'P', 'Jl Tukad Unda No. 8, Denpasar', '085878901234'),
(46, 'Luffy Monkey D.', 'L', 'Jl Tukad Badung No. 10, Denpasar', '085989012345'),
(47, 'Sanji Vinsmoke', 'L', 'Jl Tukad Buaji No. 6, Denpasar', '086101234567'),
(48, 'Robin Nico', 'P', 'Jl Pulau Rote No. 4, Denpasar', '086212345678'),
(49, 'Goku Son', 'L', 'Jl Tukad Pancoran No. 12, Denpasar', '086323456789'),
(50, 'Bulma Briefs', 'P', 'Jl Tukad Batanghari No. 1, Denpasar', '086434567890'),
(51, 'Vegeta Prince', 'L', 'Jl Tukad Barito No. 2, Denpasar', '086545678901'),
(52, 'Saitama', 'L', 'Jl Tukad Musi No. 3, Denpasar', '086656789012'),
(53, 'Genos', 'L', 'Jl Pulau Moyo No. 7, Denpasar', '086767890123'),
(54, 'Erza Scarlet', 'P', 'Jl Pulau Buru No. 5, Denpasar', '086878901234'),
(55, 'Natsu Dragneel', 'L', 'Jl Tukad Mertasari No. 9, Denpasar', '086989012345'),
(56, 'Lucy Heartfilia', 'P', 'Jl Tukad Gangga No. 6, Denpasar', '087101234567'),
(57, 'Gray Fullbuster', 'L', 'Jl Pulau Dewata No. 11, Denpasar', '087212345678'),
(58, 'Elsa Arendelle', 'P', 'Jl Tukad Ayung No. 7, Denpasar', '087323456789'),
(59, 'Anna Arendelle', 'P', 'Jl Tukad Banyuwangi No. 4, Denpasar', '087434567890'),
(60, 'Hiccup Haddock', 'L', 'Jl Pulau Lembata No. 3, Denpasar', '087545678901'),
(61, 'Astrid Hofferson', 'P', 'Jl Pulau Weh No. 8, Denpasar', '087656789012'),
(62, 'Shrek Ogre', 'L', 'Jl Pulau Kei No. 1, Denpasar', '087767890123'),
(63, 'Fiona Ogre', 'P', 'Jl Pulau Bintan No. 2, Denpasar', '087878901234'),
(64, 'Donkey', 'L', 'Jl Pulau Sebatik No. 9, Denpasar', '087989012345'),
(65, 'Rick Sanchez', 'L', 'Jl Tukad Jangkrik No. 10, Denpasar', '088101234567'),
(66, 'Morty Smith', 'L', 'Jl Tukad Sari No. 3, Denpasar', '088212345678'),
(67, 'Beth Smith', 'P', 'Jl Pulau Karimunjawa No. 5, Denpasar', '088323456789'),
(68, 'Summer Smith', 'P', 'Jl Pulau Kisar No. 7, Denpasar', '088434567890'),
(69, 'Jerry Smith', 'L', 'Jl Pulau Laut No. 9, Denpasar', '088545678901'),
(70, 'Mickey Mouse', 'L', 'Jl Pulau Banda No. 3, Denpasar', '088656789012');


INSERT INTO petugas (id, username, password, nama, telp, alamat) VALUES
(1, 'admin', '12345', 'Admin Sistem', '081111111111', 'Jl. Pusat Kota No. 1'),
(2, 'johndoe', 'qwerty', 'John Doe', '081222222222', 'Jl. Melati No. 10'),
(3, 's_amelia', 'amelia2024', 'Sarah Amelia', '081333333333', 'Jl. Kenanga'),
(4, 'budi123', 'budi123', 'Budi Santoso', NULL, 'Jl. Mawar No. 15'),
(5, 'rmelati', 'melati123', NULL, '081555555555', 'Jl. Cempaka'),
(6, 'eka_p', 'eka_789', 'Eka Priatama', '081666666666', 'Jl. Dahlia No. 7'),
(7, 'novih', 'novi2023', 'Novi Herlina', '081777777777', ''),
(8, 'suryo.u', 'suryo123', 'Suryo Utomo', '081888888888', 'Jl. Anggrek No. 20'),
(9, 'dian99', 'd123456', 'Dian Anggraini', '', 'Jl. Melur'),
(10, 'fajar_99', 'fajar123', 'Fajar Nugroho', '081101010101', 'Jl. Teratai No. 5'),
(11, 'andi_s', 'admin2023', 'Andi Saputra', '081121212121', 'Jl. Pandan No. 3'),
(12, 'maya.puspita', 'pusmaya123', 'Maya Puspita', NULL, ''),
(13, 'ratnad', 'rdn2024', 'Ratna Dewi', '081141414141', 'Jl. Basuki Rahmat');

INSERT INTO pengarang (id, nama, alamat, telp) VALUES
(1, 'Agus Salim', 'Jl. Melati No. 5', '081123456789'),
(2, 'Rina Kartika', 'Jl. Mawar No. 8', '081234567890'),
(3, 'Budi Pratama', 'Jl. Anggrek No. 3', ''),
(4, 'Eka Wulandari', 'Jl. Dahlia', NULL),
(5, 'Andi Gunawan', NULL, '081345678901'),
(6, 'Fitri Ayu', 'Jl. Kenanga', '081456789012'),
(7, 'John Doe', '', '081567890123'),
(8, 'Riska Melati', 'Jl. Teratai No. 10', '081678901234'),
(9, 'Dian Anggraini', 'Jl. Pahlawan', NULL),
(10, 'Maya Puspita', NULL, '081789012345'),
(11, 'Suryo Utomo', 'Jl. Kartini No. 7', '081890123456'),
(12, 'Ratna Dewi', 'Jl. Veteran No. 12', ''),
(13, 'Fajar Nugroho', 'Jl. Basuki Rahmat', '081901234567'),
(14, 'Novi Herlina', '', '082123456789'),
(15, 'Lestari Wulandari', 'Jl. Imam Bonjol No. 15', '082234567890'),
(16, 'Rama Aditya', 'Jl. Proklamasi No. 9', '082345678901'),
(17, 'Bambang Setiawan', NULL, '082456789012'),
(18, 'Doni Pratama', 'Jl. Kebon Jeruk', ''),
(19, 'Sarah Amelia', 'Jl. Diponegoro No. 22', '082567890123'),
(20, 'Agung Kurniawan', 'Jl. Juanda No. 25', '082678901234'),
(21, 'Tri Nugroho', '', '082789012345'),
(22, 'Ayu Rahmawati', 'Jl. Sakura No. 8', NULL),
(23, 'Gusti Made', NULL, '082890123456'),
(24, '', 'Jl. Seruni No. 5', '082901234567'),
(25, 'Hendra Wijaya', 'Jl. Flamboyan No. 10', ''),
(26, 'Siska Anggraeni', '', ''),
(27, 'Indra Saputra', 'Jl. Melur', NULL),
(28, 'Lina Pratiwi', NULL, ''),
(29, '', 'Jl. Kamboja No. 12', '083012345678'),
(30, 'Agus Kurniawan', 'Jl. Wijaya Kusuma', '083123456789'),
(31, 'Novita Sari', 'Jl. Kemuning No. 3', ''),
(32, 'Fadhil Rahman', NULL, '083234567890'),
(33, 'Yulia Widyastuti', '', NULL),
(34, 'Doni Darmawan', NULL, '083345678901'),
(35, 'Melati Murni', 'Jl. Bakung', ''),
(36, 'Krisna Setiawan', '', '083456789012'),
(37, 'Citra Pramesti', 'Jl. Kantil No. 4', '083567890123'),
(38, '', '', '083678901234'),
(39, 'Anita Sari', 'Jl. Jambu No. 7', NULL),
(40, 'Bagus Setiawan', NULL, '');

INSERT INTO penerbit (id, nama, alamat, telp) VALUES
(1, 'Gramedia', 'Jl. Sudirman No. 12', '081123456789'),
(2, 'Erlangga', 'Jl. Ahmad Yani No. 3', '081234567890'),
(3, 'Tiga Serangkai', 'Jl. Diponegoro', ''),
(4, 'Mitra Media', NULL, '081345678901'),
(5, 'Andi Offset', 'Jl. Kartini No. 5', '081456789012'),
(6, 'Bentang Pustaka', 'Jl. Pahlawan', NULL),
(7, 'Republika', '', '081567890123'),
(8, 'Pustaka Pelajar', 'Jl. Juanda No. 8', '081678901234'),
(9, 'Kencana', 'Jl. Veteran No. 10', '081789012345'),
(10, 'Balai Pustaka', 'Jl. Antasari No. 6', '081890123456'),
(11, 'Media Utama', NULL, '081901234567'),
(12, 'Ganesha', '', '082123456789'),
(13, 'Bhuana Ilmu Populer', 'Jl. Imam Bonjol', '082234567890'),
(14, 'Kanisius', 'Jl. Gatot Subroto No. 15', '082345678901'),
(15, 'Mizan', 'Jl. Proklamasi', NULL),
(16, 'Kompas', 'Jl. Melati', ''),
(17, 'Langkah Baru', NULL, '082456789012'),
(18, 'Intan Pariwara', 'Jl. Kebon Jeruk No. 9', '082567890123'),
(19, 'Cahaya Pustaka', 'Jl. Mawar', '082678901234'),
(20, 'Lentera Hati', 'Jl. Cempaka No. 18', '082789012345'),
(21, 'Bumi Aksara', '', '082890123456'),
(22, '', 'Jl. Dahlia No. 7', '082901234567'),
(23, 'Nusa Indah', NULL, NULL),
(24, 'Alfabeta', 'Jl. Cemara No. 5', ''),
(25, NULL, 'Jl. Melur No. 3', '083012345678'),
(26, 'Sinar Dunia', 'Jl. Kenanga', '083123456789'),
(27, 'Prima Pustaka', '', ''),
(28, 'Indo Media', 'Jl. Mawar No. 2', NULL),
(29, 'Mega Pustaka', NULL, ''),
(30, 'Pustaka Sejahtera', 'Jl. Pandan No. 10', '083234567890'),
(31, NULL, '', '083345678901'),
(32, 'Harapan Baru', 'Jl. Kamboja', NULL),
(33, 'Seruni Pustaka', NULL, '083456789012'),
(34, 'Edukasi Pustaka', 'Jl. Melati', ''),
(35, '', NULL, '083567890123');

INSERT INTO rak (kode_rak, lokasi) VALUES
('R001', 'Lantai 1 - Rak A'),
('R002', 'Lantai 1 - Rak B'),
('R003', 'Lantai 2 - Rak C'),
('R004', 'Lantai 2 - Rak D'),
('R005', 'Lantai 3 - Rak E'),
('R006', 'Lantai 3 - Rak F'),
('R007', 'Lantai 1 - Rak G'),
('R008', 'Lantai 1 - Rak H'),
('R009', 'Lantai 2 - Rak I'),
('R010', 'Lantai 2 - Rak J'),
('R011', 'Lantai 3 - Rak K'),
('R012', 'Lantai 3 - Rak L'),
('R013', 'Lantai 1 - Rak M'),
('R014', 'Lantai 1 - Rak N'),
('R015', 'Lantai 2 - Rak O'),
('R016', 'Lantai 2 - Rak P'),
('R017', 'Lantai 3 - Rak Q'),
('R018', 'Lantai 3 - Rak R'),
('R019', 'Lantai 1 - Rak S'),
('R020', 'Lantai 1 - Rak T'),
('R021', 'Lantai 2 - Rak U'),
('R022', 'Lantai 2 - Rak V'),
('R023', 'Lantai 3 - Rak W'),
('R024', 'Lantai 3 - Rak X'),
('R025', 'Lantai 1 - Rak Y'),
('R026', 'Lantai 1 - Rak Z'),
('R027', 'Lantai 2 - Rak AA'),
('R028', 'Lantai 2 - Rak AB'),
('R029', 'Lantai 3 - Rak AC'),
('R030', 'Lantai 3 - Rak AD'),
('R031', 'Lantai 1 - Rak AE'),
('R032', 'Lantai 1 - Rak AF'),
('R033', 'Lantai 2 - Rak AG'),
('R034', 'Lantai 2 - Rak AH'),
('R035', 'Lantai 3 - Rak AI'),
('R036', 'Lantai 3 - Rak AJ'),
('R037', 'Lantai 1 - Rak AK'),
('R038', 'Lantai 1 - Rak AL'),
('R039', 'Lantai 2 - Rak AM'),
('R040', 'Lantai 2 - Rak AN');


INSERT INTO kategori (id, nama_kategori) VALUES
(1, 'Fiksi'),
(2, 'Non-Fiksi'),
(3, 'Komik'),
(4, 'Ensiklopedia'),
(5, 'Biografi'),
(6, 'Sains'),
(7, 'Sejarah'),
(8, 'Teknologi'),
(9, 'Kesehatan'),
(10, 'Pendidikan'),
(11, 'Olahraga'),
(12, 'Hukum'),
(13, 'Agama'),
(14, 'Psikologi'),
(15, 'Seni'),
(16, 'Ekonomi'),
(17, 'Matematika'),
(18, 'Anime'),
(19, 'Politik'),
(20, 'Geografi'),
(21, 'Astronomi'),
(22, 'Kuliner'),
(23, 'Pariwisata'),
(24, 'Lingkungan'),
(25, 'Filosofi'),
(26, 'Budaya'),
(27, 'Fotografi'),
(28, 'Musik'),
(29, 'Komunikasi'),
(30, 'Transportasi'),
(31, 'Arsitektur'),
(32, 'Fashion'),
(33, 'Karya Sastra'),
(34, 'Pemrograman'),
(35, 'Robotika'),
(36, 'Keuangan'),
(37, 'Manajemen'),
(38, 'Entrepreneurship'),
(39, 'Pertanian'),
(40, 'Peternakan'),
(41, 'Kedokteran'),
(42, 'Jurnalistik'),
(43, 'Mitologi'),
(44, 'Arkeologi'),
(45, 'Ilmu Sosial'),
(46, 'Desain Grafis'),
(47, 'Game'),
(48, 'Teknik Mesin'),
(49, 'Kimia'),
(50, 'Fisika');

INSERT INTO buku (id, judul, tahun_terbit, jumlah, isbn, pengarang_id, penerbit_id, rak_kode_rak, kategori_id) VALUES
(1, 'Pemrograman Web Dasar', 2023, 10, '978-1234567890', 1, 1, 'R001', 1),
(2, 'Algoritma dan Struktur Data', 2022, 8, '978-2345678901', 2, 2, 'R001', 2),
(3, 'Basis Data untuk Pemula', 2021, 15, '978-3456789012', 3, 3, 'R002', 3),
(4, 'Jaringan Komputer', 2020, 5, '978-4567890123', 4, 4, 'R002', 4),
(5, 'Sistem Operasi Modern', 2022, 12, '978-5678901234', 5, 5, 'R003', 5),
(6, 'Keamanan Jaringan', 2023, NULL, '978-6789012345', 6, 9, 'R003', 6),  -- Null quantity to test data handling
(7, 'Pengantar Kecerdasan Buatan', NULL, 8, '978-7890123456', 7, 8, 'R004', 1),  -- Null year to test transformation
(8, 'Komputasi Awan', 2020, 10, '978-8901234567', 8, 3, 'R004', 2),
(9, 'Internet of Things', 2022, 7, '978-9012345678', 9, 7, 'R005', 3),
(10, 'Big Data dan Analitik', 2021, 13, '978-0123456789', 10, 5, 'R005', 4),
(11, 'Data Science untuk Pemula', 2023, 4, '978-1234567891', 11, 1, 'R006', 5),
(12, 'Pembelajaran Mesin', 2020, NULL, '978-2345678902', 12, 2, 'R006', 6),  -- Null quantity to test
(13, 'Komunikasi Data', 2022, 11, '978-3456789013', 13, 2, 'R007', 1),
(14, 'Rekayasa Perangkat Lunak', 2023, 6, '978-4567890124', 14, 1, 'R007', 2),
(15, 'Pemrograman Python', 2020, 9, '978-5678901235', 15, 2, 'R008', 3),
(16, 'Android Development', 2021, 7, '978-6789012346', 16, 6, 'R008', 4),
(17, 'Web Design dan UX', 2022, 5, '978-7890123457', 17, 15, 'R009', 5),
(18, 'Mobile App Development', 2023, 8, '978-8901234568', 18, 18, 'R009', 6),
(19, 'Cloud Computing', 2020, 11, '978-9012345679', 19, 13, 'R010', 1),
(20, 'Blockchain dan Cryptocurrency', 2021, 10, '978-0123456790', 20, 20, 'R010', 2),
(21, 'Kecerdasan Buatan dan Etika', 2022, 6, '978-1234567892', 1, 11, 'R011', 3),
(22, 'Pemrograman C++', 2023, 14, '978-2345678903', 20, 2, 'R011', 4),
(23, 'Sistem Informasi Manajemen', 2020, 10, '978-3456789014', 13, 3, 'R012', 5),
(24, 'Database Terdistribusi', 2021, 7, '978-4567890125', 4, 4, 'R012', 6),
(25, 'Komputer Grafis', 2022, 6, '978-5678901236', 9, 15, 'R013', 1),
(26, 'Robotika dan Otomasi', 2020, 5, '978-6789012347', 4, 6, 'R013', 2),
(27, 'Pengembangan Game', 2021, 9, '978-7890123458', 17, 7, 'R014', 3),
(28, 'Jaringan Sosial dan Media', 2022, 12, '978-8901234569', 14, 8, 'R014', 4),
(29, 'Computational Thinking', 2023, 8, '978-9012345680', 9, 6, 'R015', 5),
(30, 'Teknologi Augmented Reality', 2020, 6, '978-0123456791', 10, 1, 'R015', 6),
(31, 'Resep Masakan Nusantara', 2023, 15, '978-3456789021', 21, 22, 'R016', 22),
(32, 'Psikologi Sosial Modern', 2021, 10, '978-4567890131', 22, 23, 'R016', 14),
(33, 'Akuntansi Dasar', 2022, 12, '978-5678901241', 23, 24, 'R017', 16),
(34, 'Bahasa Inggris untuk Pemula', 2020, 18, '978-6789012351', 24, 25, 'R017', 10),
(35, 'Membaca Tubuh: Bahasa Nonverbal', 2023, 9, '978-7890123461', 25, 26, 'R018', 14),
(36, 'Sejarah Peradaban Dunia', 2022, 8, '978-8901234571', 26, 27, 'R018', 7),
(37, 'Ekonomi Mikro', 2021, 7, '978-9012345682', 27, 28, 'R019', 16),
(38, 'Ilmu Sosial Dasar', 2020, 11, '978-0123456793', 28, 29, 'R019', 45),
(39, 'Kesehatan Mental', 2023, 6, '978-1234567893', 29, 30, 'R020', 9),
(40, 'Dasar-dasar Manajemen', 2021, 13, '978-2345678904', 30, 31, 'R020', 37),
(41, 'Panduan Bertani Organik', 2022, 9, '978-3456789015', 31, 32, 'R001', 39),
(42, 'Buku Pintar Fotografi', 2020, 10, '978-4567890126', 32, 33, 'R002', 27),
(43, 'Filsafat Hidup Modern', 2023, 8, '978-5678901237', 33, 34, 'R003', 25),
(44, 'Budaya Bali: Tradisi dan Upacara', 2022, 7, '978-6789012348', 34, 35, 'R004', 26),
(45, 'Panduan Desain Grafis', 2021, 14, '978-7890123459', 35, 36, 'R005', 46),
(46, 'Jurnalistik Masa Kini', 2020, 9, '978-8901234572', 36, 37, 'R006', 42),
(47, 'Musik dan Kreativitas', 2023, 5, '978-9012345683', 37, 38, 'R007', 28),
(48, 'Geografi Indonesia', 2021, 8, '978-0123456794', 38, 39, 'R008', 20),
(49, 'Panduan Arsitektur Modern', 2022, 10, '978-1234567894', 39, 40, 'R009', 31),
(50, 'Pemrograman untuk Anak', 2020, 12, '978-2345678905', 40, 41, 'R010', 34),
(51, 'Kisah Inspiratif Para Tokoh', 2023, 6, '978-3456789016', 41, 42, 'R011', 5),
(52, 'Fotografi Alam Liar', 2021, 11, '978-4567890127', 42, 43, 'R012', 27),
(53, 'Resep Masakan Internasional', 2020, 15, '978-5678901238', 43, 44, 'R013', 22),
(54, 'Panduan Parenting Modern', 2022, 7, '978-6789012349', 44, 45, 'R014', 14),
(55, 'Mengenal Mitologi Yunani', 2023, 9, '978-7890123460', 45, 46, 'R015', 43),
(56, 'Pariwisata Indonesia', 2021, 8, '978-8901234573', 46, 47, 'R016', 23),
(57, 'Lingkungan dan Kehidupan', 2020, 10, '978-9012345684', 47, 48, 'R017', 24),
(58, 'Fashion Modern dan Klasik', 2022, 6, '978-0123456795', 48, 49, 'R018', 32);


INSERT INTO peminjaman (id, tanggal_pinjam, tanggal_kembali, anggota_id, petugas_id) VALUES
(1, '2024-12-01', '2024-12-08', 1, 2),
(2, '2024-11-30', '2024-12-07', 3, 1),
(3, '2024-11-25', NULL, 4, 3),
(4, '2024-11-28', '2024-12-05', 2, 4),
(5, '2024-12-02', '2024-12-09', 5, 5),
(6, '2024-11-29', '2024-12-06', 2, 8),
(7, '2024-12-03', '2024-12-10', 7, 3),
(8, '2024-11-26', '2024-12-03', 6, 2),
(9, '2024-11-27', '2024-12-04', 9, 4),
(10, NULL, NULL, 8, 6),
(11, '2024-12-04', NULL, 10, 1),
(12, '2024-12-01', '2024-12-08', 12, 7),
(13, '2024-11-30', '2024-12-07', 11, 9),
(14, '2024-11-29', NULL, 2, 8),
(15, '2024-12-02', '2024-12-09', 14, 10),
(16, '2024-12-01', '2024-12-08', 13, 10),
(17, '2024-11-28', '2024-12-05', 15, 12),
(18, '2024-11-27', NULL, 17, 11),
(19, '2024-12-03', '2024-12-10', 16, 4),
(20, '2024-11-26', NULL, 20, 5),
(21, '2024-12-03', '2024-12-10', 18, 5),
(22, '2024-12-04', NULL, 19, 3),
(23, '2024-11-30', '2024-12-07', 5, 6),
(24, '2024-12-01', '2024-12-08', 17, 4),
(25, '2024-12-02', NULL, 14, 10),
(26, '2024-11-29', '2024-12-06', 16, 2),
(27, '2024-12-03', '2024-12-10', 13, 8),
(28, '2024-11-28', '2024-12-05', 15, 1),
(29, '2024-12-04', '2024-12-11', 20, 10),
(30, NULL, NULL, 3, 9),
(31, '2021-05-10', '2021-05-17', 21, 7),
(32, '2022-11-30', '2022-12-07', 22, 3),
(33, '2019-03-01', '2019-03-08', 23, 6),
(34, '2020-07-02', '2020-07-09', 24, 4),
(35, '2021-08-29', '2021-09-05', 25, 5),
(36, '2022-12-03', '2022-12-10', 26, 2),
(37, '2020-11-28', '2020-12-05', 27, 9),
(38, '2018-10-25', NULL, 28, 1),
(39, '2023-06-04', NULL, 29, 8),
(40, '2019-01-10', '2019-01-17', 30, 6),
(41, '2020-06-29', '2020-07-06', 31, 7),
(42, '2021-02-02', NULL, 32, 3),
(43, '2023-11-30', '2023-12-07', 33, 4),
(44, '2022-01-05', '2022-01-12', 34, 9),
(45, '2023-12-01', NULL, 35, 10),
(46, '2022-05-04', '2022-05-11', 36, 2),
(47, '2019-02-21', '2019-02-28', 37, 5),
(48, '2024-01-03', '2024-01-10', 38, 1),
(49, '2021-04-28', '2021-05-05', 39, 8),
(50, '2020-09-22', '2020-09-29', 40, 6),
(51, '2023-03-02', '2023-03-09', 41, 2),
(52, '2022-07-10', '2022-07-17', 42, 4),
(53, '2019-06-12', '2019-06-19', 43, 7),
(54, '2024-02-01', '2024-02-08', 44, 1),
(55, '2023-04-11', '2023-04-18', 45, 10),
(56, '2021-12-03', NULL, 46, 5);

INSERT INTO peminjaman_detail (peminjaman_id, buku_id) VALUES
(1, 5),
(1, 8),
(2, 3),
(2, 7),
(3, 1),
(3, 2),
(4, 4),
(4, 6),
(5, 9),
(6, 10),
(7, 11),
(8, 12),
(9, 13),
(10, 14),
(11, 15),
(12, 16),
(13, 17),
(14, 18),
(15, 19),
(16, 20),
(17, 1),
(18, 3),
(19, 4),
(20, 6),
(21, 8),
(22, 7),
(23, 11),
(24, 13),
(25, 16),
(26, 15),
(27, 19),
(28, 20),
(29, 2),
(30, 5),
(31, 21),
(32, 23),
(33, 22),
(34, 24),
(35, 25),
(36, 26),
(37, 27),
(38, 28),
(39, 29),
(40, 30),
(41, 31),
(42, 32),
(43, 33),
(44, 34),
(45, 35),
(46, 36),
(47, 37),
(48, 38),
(49, 39),
(50, 40),
(51, 41),
(52, 42),
(53, 43),
(54, 44),
(55, 45),
(56, 46),
(57, 47),
(58, 48);

INSERT INTO pengembalian (id, tanggal_pengembalian, denda, peminjaman_id, anggota_id, petugas_id) VALUES
(1, '2024-12-08', 5000, 1, 1, 2),
(2, '2024-12-07', 0, 2, 3, 1),
(3, '2024-12-06', 10000, 3, 4, 3),
(4, '2024-12-05', 0, 4, 6, 4),
(5, '2024-12-09', 5000, 5, 5, 5),
(6, '2024-12-06', 0, 6, 2, 2),
(7, '2024-12-10', 15000, 7, 7, 3),
(8, '2024-12-03', 0, 8, 6, 2),
(9, '2024-12-04', 5000, 9, 9, 4),
(10, '2024-12-06', 0, 10, 8, 6),
(11, '2024-12-07', 0, 11, 12, 7),
(12, '2024-12-08', 10000, 12, 13, 8),
(13, '2024-12-06', 0, 13, 14, 9),
(14, '2024-12-05', 0, 14, 15, 10),
(15, '2024-12-09', 5000, 15, 16, 11),
(16, '2024-12-08', 0, 16, 17, 12),
(17, '2024-12-07', 10000, 17, 18, 13),
(18, '2024-12-10', 5000, 18, 19, 1),
(19, '2024-12-11', 0, 19, 20, 11),
(20, '2024-12-06', 5000, 20, 2, 10),
(21, '2021-05-17', 5000, 31, 21, 7),
(22, '2022-12-07', 0, 32, 22, 3),
(23, '2019-03-08', 0, 33, 23, 6),
(24, '2020-07-09', 10000, 34, 24, 4),
(25, '2021-09-05', 5000, 35, 25, 5),
(26, '2022-12-10', 0, 36, 26, 2),
(27, '2020-12-05', 15000, 37, 27, 9),
(28, '2018-10-28', 5000, 38, 28, 1),
(29, '2023-06-07', 0, 39, 29, 8),
(30, '2019-01-17', 5000, 40, 30, 6),
(31, '2020-07-06', 10000, 41, 31, 7),
(32, '2021-02-12', 5000, 42, 32, 3),
(33, '2023-12-07', 0, 43, 33, 4),
(34, '2022-01-12', 5000, 44, 34, 9),
(35, '2024-01-10', 0, 45, 35, 10),
(36, '2022-05-11', 15000, 46, 36, 2),
(37, '2019-06-19', 5000, 47, 37, 5),
(38, '2024-02-08', 0, 48, 38, 1),
(39, '2023-04-18', 10000, 49, 39, 10),
(40, '2021-05-05', 5000, 50, 40, 6),
(41, '2020-09-29', 0, 51, 41, 2),
(42, '2022-07-17', 5000, 52, 42, 4),
(43, '2019-02-28', 0, 53, 43, 7),
(44, '2024-02-08', 5000, 54, 44, 1),
(45, '2023-04-18', 10000, 55, 45, 10),
(46, '2021-12-03', 0, 56, 46, 5);

INSERT INTO pengembalian_detail (pengembalian_id, buku_id) VALUES
(1, 5),
(1, 8),
(2, 3),
(2, 7),
(3, 1),
(3, 2),
(4, 4),
(4, 6),
(5, 9),
(6, 10),
(7, 11),
(8, 12),
(9, 13),
(10, 14),
(11, 15),
(12, 16),
(13, 17),
(14, 18),
(15, 19),
(16, 20),
(17, 1),
(18, 3),
(19, 4),
(20, 6),
(21, 8),
(22, 17),
(23, 42),
(24, 3),
(25, 27),
(26, 50),
(27, 14),
(28, 38),
(29, 55),
(30, 20),
(31, 11),
(32, 6),
(33, 18),
(34, 45),
(35, 24),
(36, 1),
(37, 39),
(38, 56),
(39, 33),
(40, 47),
(41, 5),
(42, 28),
(43, 22),
(44, 34),
(45, 10),
(46, 12),
(47, 53),
(48, 31),
(49, 48),
(50, 54);
